Comment,Designator,Footprint,LCSC Part #
TL494CN PWM Controller,U1,DIP-16_W7.62mm,C5214
IR2110PBF Gate Driver,U2,DIP-14_W7.62mm,C2967
IRFP4110PBF MOSFET,Q1,TO-247-3_Vertical,C2689
MBR40250G Schottky,D1,TO-247-2_Vertical,C150246
1N4148 Diode,D2,D_DO-35_SOD27_P7.62mm_Horizontal,C14538
2200uF 25V Electrolytic,C1,CP_Radial_D16.0mm_P7.50mm,C44598
470uF 63V Electrolytic,C3 C4,CP_Radial_D12.5mm_P5.00mm,C160628
100nF Ceramic,C2 C5 C7,C_Disc_D5.0mm_W2.5mm_P5.00mm,C249166
1nF Ceramic,C6,C_Disc_D3.0mm_W2.0mm_P2.50mm,C2887268
1uF Ceramic,C8,C_Disc_D5.0mm_W2.5mm_P5.00mm,C2839237
22uH Toroid Inductor,L1,L_Toroid_Vertical_L25.4mm_W14.7mm_P12.20mm,
30A ATO Fuse Holder,F1,FuseHolder_Blade_ATO_Littelfuse,C206898
Terminal Block 5.08mm,J1 J2,TerminalBlock_Phoenix_MKDS-3-2-5.08_1x02,C395868
10k 1/4W Resistor,R1 R4 R7 R8,R_Axial_DIN0207_L6.3mm_D2.5mm_P10.16mm,C410695
47k 1/4W Resistor,R2,R_Axial_DIN0207_L6.3mm_D2.5mm_P10.16mm,C410613
10R 1/4W Resistor,R3,R_Axial_DIN0207_L6.3mm_D2.5mm_P10.16mm,C2840291
100k 1/4W Resistor,R5,R_Axial_DIN0207_L6.3mm_D2.5mm_P10.16mm,C119369
5.6k 1/4W Resistor,R6,R_Axial_DIN0207_L6.3mm_D2.5mm_P10.16mm,C173035
