Designator,Val,Package,Mid X,Mid Y,Rotation,Layer
C1,2200uF,CP_Radial_D16.0mm_P7.50mm,50.000000,-32.000000,0,top
C2,100nF,C_Disc_D5.0mm_W2.5mm_P5.00mm,52.000000,-12.000000,0,top
C3,470uF,CP_Radial_D12.5mm_P5.00mm,100.000000,-26.000000,0,top
C4,470uF,CP_Radial_D12.5mm_P5.00mm,98.000000,-64.000000,0,top
C5,100nF,C_Disc_D5.0mm_W2.5mm_P5.00mm,50.000000,-46.000000,0,top
C6,1nF,C_Disc_D3.0mm_W2.0mm_P2.50mm,18.000000,-70.000000,0,top
C7,100nF,C_Disc_D5.0mm_W2.5mm_P5.00mm,88.000000,-68.000000,0,top
C8,1uF,C_Disc_D5.0mm_W2.5mm_P5.00mm,88.000000,-54.000000,0,top
D1,MBR40250G,TO-247-2_Vertical,88.000000,-36.000000,0,top
D2,1N4148,D_DO-35_SOD27_P7.62mm_Horizontal,86.000000,-48.000000,0,top
F1,30A,FuseHolder_Blade_ATO,30.000000,-12.000000,0,top
J1,12V_IN,TerminalBlock_5.08mm_2P,8.000000,-20.000000,180,top
J2,33V_OUT,TerminalBlock_5.08mm_2P,102.000000,-10.000000,0,top
L1,22uH,L_Toroid_Vertical,80.000000,-18.000000,0,top
Q1,IRFP4110,TO-247-3_Vertical,66.000000,-36.000000,0,top
R1,10k,R_Axial_DIN0207_P10.16mm,24.000000,-74.000000,0,top
R2,47k,R_Axial_DIN0207_P10.16mm,24.000000,-78.000000,0,top
R3,10R,R_Axial_DIN0207_P10.16mm,64.000000,-44.000000,0,top
R4,10k,R_Axial_DIN0207_P10.16mm,64.000000,-58.000000,90,top
R5,100k,R_Axial_DIN0207_P10.16mm,22.000000,-42.000000,90,top
R6,5.6k,R_Axial_DIN0207_P10.16mm,22.000000,-58.000000,90,top
R7,10k,R_Axial_DIN0207_P10.16mm,12.000000,-42.000000,90,top
R8,10k,R_Axial_DIN0207_P10.16mm,12.000000,-58.000000,90,top
U1,TL494,DIP-16_W7.62mm,38.000000,-52.000000,0,top
U2,IR2110,DIP-14_W7.62mm,74.000000,-56.000000,0,top
